,Max relError,relErr > 1e-6
W,7.81101392831e-06,4/25
U,1.54669233194e-05,1/400
V,8.28178846626e-06,1/400
b,7.08403567529e-08,0/5
c,3.17524859955e-09,0/80
